{
  "hrsid": {
    "retinanet": {
      "best_loss": 1.0625466991610613,
      "training_time_seconds": 11796.408064126968
    },
    "rtdetr": {
      "mAP50": 0.83388,
      "mAP50-95": 0.5769,
      "precision": 0.82743,
      "recall": 0.75563,
      "training_time_seconds": 15852.4
    },
    "yolo11": {
      "mAP50": 0.8624648337217079,
      "mAP50-95": 0.6260252906953563,
      "precision": 0.9191645282405034,
      "recall": 0.7646302250803858,
      "training_time_seconds": 4987.034571886063
    },
    "yolov8": {
      "mAP50": 0.8641605443039573,
      "mAP50-95": 0.628409504240436,
      "precision": 0.899546127513553,
      "recall": 0.780064308681672,
      "training_time_seconds": 4347.278079748154
    }
  },
  "ssdd": {
    "retinanet": {
      "best_loss": 2.657141343126156,
      "training_time_seconds": 400.1552131175995
    },
    "rtdetr": {
      "mAP50": 0.8468822049646202,
      "mAP50-95": 0.5846861413289496,
      "precision": 0.7718145469232717,
      "recall": 0.7899949148978004,
      "training_time_seconds": 6945.8526837825775
    },
    "yolo11": {
      "mAP50": 0.9563294117110186,
      "mAP50-95": 0.6823377100133851,
      "precision": 0.9579361149925306,
      "recall": 0.8778854388525901,
      "training_time_seconds": 1295.8623597621918
    },
    "yolov8": {
      "mAP50": 0.9610044993411537,
      "mAP50-95": 0.6872308960171353,
      "precision": 0.9579609529053532,
      "recall": 0.8784275195910217,
      "training_time_seconds": 1079.4776418209076
    }
  }
}
